name,team,position,overall,pace,shooting,passing,dribbling,defending,physical
Emiliano Martínez,Argentina,CDM,73,73,56,63,71,71,70
Gerónimo Rulli,Argentina,GK,79,78,76,80,81,54,79
Walter Benítez,Argentina,GK,80,79,78,72,82,37,79
Nahuel Molina,Argentina,RB,82,85,67,75,78,78,71
Gonzalo Montiel,Argentina,RB,76,80,62,69,74,72,74
Cristian Romero,Argentina,CB,84,68,46,59,66,85,81
Lisandro Martínez,Argentina,CB,84,71,59,78,79,85,81
Nicolás Otamendi,Argentina,CB,81,60,57,64,59,83,83
Lucas Martínez Quarta,Argentina,CB,77,56,56,69,70,76,78
Nicolás Tagliafico,Argentina,LB,78,76,56,70,75,76,79
Marcos Acuña,Argentina,LB,83,74,74,82,82,80,84
Valentín Barco,Argentina,LB,73,76,50,75,77,65,60
Rodrigo De Paul,Argentina,CM,84,76,77,83,82,76,82
Enzo Fernández,Argentina,CM,82,69,73,82,80,73,77
Alexis Mac Allister,Argentina,CM,86,69,82,85,84,76,76
Leandro Paredes,Argentina,CM,78,62,64,83,78,71,77
Thiago Almada,Argentina,GK,64,62,64,61,63,21,64
Exequiel Palacios,Argentina,CM,84,69,76,79,82,82,73
Giovani Lo Celso,Argentina,CAM,80,69,74,81,83,68,71
Lionel Messi,Argentina,RW,88,79,85,87,92,33,64
Lautaro Martínez,Argentina,ST,89,82,88,75,87,54,85
Julián Álvarez,Argentina,ST,84,85,84,80,85,57,78
Paulo Dybala,Argentina,CAM,87,80,85,84,89,41,65
Alejandro Garnacho,Argentina,LM,79,86,75,72,81,37,59
Nicolás González,Argentina,RW,80,85,76,73,83,45,62
Valentín Carboni,Argentina,CAM,72,61,70,73,73,46,49
Ederson,Brazil,CM,80,72,68,75,79,77,80
Alisson,Brazil,GK,89,86,85,85,89,56,90
Bento,Brazil,GK,80,79,76,77,83,28,81
Danilo,Brazil,LB,71,71,59,64,72,69,70
Yan Couto,Brazil,RM,80,85,61,76,81,72,64
Éder Militão,Brazil,CB,85,85,50,69,71,85,82
Marquinhos,Brazil,LW,73,85,68,66,74,26,56
Lucas Beraldo,Brazil,CB,77,68,38,65,67,76,74
Renan Lodi,Brazil,LB,77,79,67,75,76,72,73
Guilherme Arana,Brazil,ST,67,71,67,54,68,33,62
Bruno Guimarães,Brazil,CDM,85,68,75,83,84,79,83
Lucas Paquetá,Brazil,LM,82,72,77,79,85,69,79
Gerson,Brazil,LW,72,90,65,62,75,41,64
João Gomes,Brazil,CDM,78,70,65,72,74,76,75
André,Brazil,GK,75,76,73,74,77,45,72
Douglas Luiz,Brazil,CM,83,66,78,85,80,75,76
Casemiro,Brazil,CDM,84,38,74,77,69,82,82
Vinicius Jr,Brazil,LW,90,95,84,81,91,29,69
Rodrygo,Brazil,RW,86,89,81,79,88,31,64
Raphinha,Brazil,RW,84,91,79,78,86,53,73
Endrick,Brazil,ST,77,89,76,61,78,30,64
Gabriel Martinelli,Brazil,LW,83,89,78,75,85,46,72
Gabriel Jesus,Brazil,ST,82,83,80,75,88,39,77
Savinho,Brazil,LW,82,88,72,77,84,30,53
Luiz Henrique,Brazil,GK,60,59,57,58,60,31,62
Mike Maignan,France,GK,87,84,83,85,88,64,84
Alphonse Areola,France,GK,81,82,77,74,83,55,80
Brice Samba,France,GK,82,79,83,80,84,53,81
Jules Koundé,France,RB,85,84,45,70,75,86,80
Benjamin Pavard,France,CB,84,75,67,75,75,86,81
William Saliba,France,CB,87,82,39,70,74,87,83
Dayot Upamecano,France,CB,82,81,45,63,73,81,85
Théo Hernández,France,LB,87,95,76,78,84,81,89
Lucas Hernández,France,LB,70,55,52,67,65,70,69
Jonathan Clauss,France,RB,80,88,69,76,78,73,69
Aurélien Tchouaméni,France,CDM,85,73,69,79,78,82,82
Eduardo Camavinga,France,CM,83,80,67,81,84,78,80
Warren Zaïre-Emery,France,CM,80,79,68,77,80,75,78
Youssouf Fofana,France,CDM,81,69,68,74,77,78,80
Kylian Mbappé,France,ST,91,97,90,80,92,36,78
Antoine Griezmann,France,ST,88,80,88,87,89,59,75
Ousmane Dembélé,France,RW,86,92,75,82,88,41,57
Marcus Thuram,France,ST,83,87,81,77,82,50,84
Randal Kolo Muani,France,ST,82,90,80,71,81,38,67
Bradley Barcola,France,LW,80,88,74,75,81,34,64
Mathys Tel,France,ST,77,86,80,64,77,29,64
Ibrahima Konaté,France,CB,83,75,34,59,68,83,84
Ferland Mendy,France,LB,84,89,64,76,76,81,85
N'Golo Kanté,France,CDM,85,76,65,73,80,85,78
Matteo Guendouzi,France,CM,80,72,71,78,79,75,81
Michael Olise,France,RM,82,80,77,82,84,53,56
Jordan Pickford,England,GK,83,83,78,88,87,53,80
Sam Johnstone,England,GK,78,79,79,69,80,41,76
Dean Henderson,England,GK,79,80,76,78,81,55,75
Trent Alexander-Arnold,England,RB,86,75,72,90,80,80,74
Kyle Walker,England,RB,84,89,64,77,78,79,81
John Stones,England,CB,85,69,58,75,79,85,77
Marc Guéhi,England,CB,81,72,39,65,72,82,77
Harry Maguire,England,CB,80,37,57,70,65,80,82
Luke Shaw,England,LB,82,75,57,82,78,81,78
Ben Chilwell,England,LB,79,76,60,78,77,75,72
Declan Rice,England,CDM,87,73,72,82,79,84,85
Jude Bellingham,England,CAM,90,80,87,83,88,78,83
Phil Foden,England,RW,88,86,86,85,90,57,63
Kobbie Mainoo,England,CDM,77,74,66,74,81,73,72
Harry Kane,England,ST,90,65,93,84,83,49,82
Bukayo Saka,England,RW,87,85,83,81,88,60,70
Marcus Rashford,England,LM,81,89,83,76,82,33,64
Ollie Watkins,England,ST,85,85,83,73,80,50,83
Cole Palmer,England,RM,85,75,82,83,86,50,66
Anthony Gordon,England,LW,82,91,78,76,81,49,71
Levi Colwill,England,CB,77,69,40,68,68,77,77
Ezri Konsa,England,CB,81,76,48,71,76,83,78
Conor Gallagher,England,CM,81,73,75,78,78,77,81
Jarrod Bowen,England,RM,82,77,81,76,81,46,70
Eberechi Eze,England,CAM,81,78,81,78,84,49,69
James Maddison,England,CAM,85,71,81,86,86,54,63
Marc-André ter Stegen,Germany,GK,89,86,85,89,91,47,86
Oliver Baumann,Germany,GK,82,81,80,78,83,39,79
Alexander Nübel,Germany,GK,80,81,76,81,82,48,78
Joshua Kimmich,Germany,RB,86,69,74,88,84,81,77
Lukas Klostermann,Germany,CB,79,82,50,64,70,81,76
Jonathan Tah,Germany,CB,86,71,38,60,62,86,84
Nico Schlotterbeck,Germany,CB,85,77,59,70,73,85,82
Antonio Rüdiger,Germany,CB,88,82,55,73,70,86,86
Waldemar Anton,Germany,CB,81,69,46,65,67,81,83
David Raum,Germany,LB,81,85,61,81,78,73,78
Maximilian Mittelstädt,Germany,LB,79,74,62,72,77,77,72
Florian Wirtz,Germany,CAM,88,81,78,87,89,50,67
Jamal Musiala,Germany,CAM,87,84,81,78,90,63,64
Aleksandar Pavlović,Germany,CDM,73,69,60,75,72,68,65
Robert Andrich,Germany,CDM,83,54,77,76,73,83,83
Leon Goretzka,Germany,CM,83,70,80,80,81,80,85
Ilkay Gündoğan,Germany,CM,87,62,83,85,87,74,73
Leroy Sané,Germany,RM,85,90,83,80,86,37,70
Serge Gnabry,Germany,RM,82,80,83,78,84,43,66
Niclas Füllkrug,Germany,ST,82,63,84,71,75,43,81
Kai Havertz,Germany,ST,83,77,81,80,82,49,72
Thomas Müller,Germany,CAM,82,57,82,83,79,55,68
Kevin Schade,Germany,LW,72,94,65,59,73,29,64
Deniz Undav,Germany,ST,81,67,82,75,80,33,78
Maximilian Beier,Germany,ST,78,89,79,65,79,26,60
Angelo Stiller,Germany,CDM,78,58,57,78,78,73,69
Unai Simón,Spain,GK,86,85,81,78,86,49,85
David Raya,Spain,GK,83,82,81,86,82,57,81
Álex Remiro,Spain,GK,84,84,79,80,86,42,86
Dani Carvajal,Spain,RB,86,81,58,79,81,81,79
Pedro Porro,Spain,RB,83,82,73,80,81,78,77
Pau Cubarsí,Spain,CB,72,67,25,58,69,74,63
Robin Le Normand,Spain,CB,83,62,26,54,60,84,79
Aymeric Laporte,Spain,CB,83,55,50,74,70,85,76
Marc Cucurella,Spain,LB,82,75,60,80,80,78,76
Alejandro Grimaldo,Spain,LM,86,74,73,88,85,76,71
Hugo Guillamón,Spain,CDM,73,57,53,67,64,74,71
Rodri,Spain,LM,78,79,74,75,80,38,58
Pedri,Spain,CM,86,77,69,82,88,70,74
Gavi,Spain,CM,83,76,66,78,85,68,70
Fabián Ruiz,Spain,CM,82,54,76,80,80,75,72
Mikel Merino,Spain,CM,85,72,79,82,82,83,82
Dani Olmo,Spain,CAM,84,73,77,82,87,50,57
Martín Zubimendi,Spain,CDM,81,64,67,75,77,78,71
Alex Baena,Spain,LM,79,74,75,80,78,65,67
Lamine Yamal,Spain,RW,81,82,75,76,82,23,48
Nico Williams,Spain,LM,85,93,75,78,86,36,65
Ferran Torres,Spain,LW,80,84,78,76,81,35,68
Mikel Oyarzabal,Spain,ST,82,77,83,81,82,42,63
Ayoze Pérez,Spain,LM,79,78,73,76,82,58,65
Bryan Zaragoza,Spain,RM,75,82,72,69,81,30,44
Diogo Costa,Portugal,GK,84,83,78,82,86,35,83
José Sá,Portugal,GK,79,80,75,70,81,52,78
Rui Patrício,Portugal,GK,76,78,76,77,75,55,74
Diogo Dalot,Portugal,RB,82,85,63,77,80,79,79
João Cancelo,Portugal,LB,86,81,73,85,85,80,72
Rúben Dias,Portugal,CB,88,67,39,70,69,89,87
Gonçalo Inácio,Portugal,CB,80,80,37,64,71,81,79
Danilo Pereira,Portugal,CB,80,50,63,70,70,80,84
Nuno Mendes,Portugal,LB,83,89,58,76,82,78,76
Renato Veiga,Portugal,CDM,72,73,60,70,70,70,72
Nélson Semedo,Portugal,RB,78,80,56,69,78,74,73
Bruno Fernandes,Portugal,CAM,87,70,85,88,83,65,75
Bernardo Silva,Portugal,CM,88,75,78,86,92,71,69
Vitinha,Portugal,ST,75,73,75,63,75,32,79
Rúben Neves,Portugal,CDM,84,57,75,86,77,77,77
João Félix,Portugal,LW,80,80,78,77,84,40,67
Matheus Nunes,Portugal,CM,78,83,71,74,81,73,76
João Neves,Portugal,CM,79,81,68,75,80,75,80
Otávio,Portugal,CB,75,68,29,41,58,75,79
Rafael Leão,Portugal,LW,86,94,79,80,87,28,77
Pedro Neto,Portugal,RW,79,88,74,72,83,31,59
Gonçalo Ramos,Portugal,ST,79,76,77,64,77,47,81
Diogo Jota,Portugal,ST,85,82,82,75,84,57,79
Cristiano Ronaldo,Portugal,ST,86,77,88,77,80,34,77
Francisco Conceição,Portugal,RM,78,87,67,71,83,36,50
Bruma,Portugal,LM,77,89,73,69,82,32,60
Bart Verbruggen,Netherlands,GK,76,78,72,74,81,56,69
Justin Bijlow,Netherlands,GK,77,80,75,77,77,48,74
Mark Flekken,Netherlands,GK,79,80,74,83,82,32,77
Denzel Dumfries,Netherlands,RB,82,83,66,73,74,78,88
Lutsharel Geertruida,Netherlands,CB,79,75,57,70,76,79,78
Virgil van Dijk,Netherlands,CB,89,78,60,71,71,89,86
Matthijs de Ligt,Netherlands,CB,84,62,61,63,67,85,83
Nathan Aké,Netherlands,CB,84,76,53,72,75,84,77
Jurriën Timber,Netherlands,CB,79,78,47,67,76,80,78
Owen Wijndal,Netherlands,LB,73,80,54,69,71,67,71
Noussair Mazraoui,Netherlands,RB,81,78,66,77,83,77,71
Frenkie de Jong,Netherlands,CM,87,82,69,86,87,77,78
Tijjani Reijnders,Netherlands,CM,82,80,76,80,84,73,74
Ryan Gravenberch,Netherlands,CM,78,71,76,77,81,68,73
Xavi Simons,Netherlands,CAM,83,81,77,80,86,61,71
Teun Koopmeiners,Netherlands,CM,83,66,78,83,78,75,78
Joey Veerman,Netherlands,CM,81,55,72,85,77,66,72
Mats Wieffer,Netherlands,CDM,80,70,66,74,75,76,83
Cody Gakpo,Netherlands,ST,83,82,83,78,83,48,75
Donyell Malen,Netherlands,RM,83,89,81,74,85,35,72
Brian Brobbey,Netherlands,ST,79,85,76,57,73,30,80
Steven Bergwijn,Netherlands,LW,79,80,76,74,82,41,70
Wout Weghorst,Netherlands,ST,77,59,76,61,68,58,86
Joshua Zirkzee,Netherlands,ST,79,73,77,72,83,37,73
Jeremie Frimpong,Netherlands,RM,84,93,62,75,86,75,69
Matt Turner,USA,GK,74,74,72,67,74,40,73
Ethan Horvath,USA,GK,72,77,68,66,76,48,67
Patrick Schulte,USA,GK,70,69,65,75,71,21,68
Sergiño Dest,USA,LB,79,91,60,75,82,72,69
Joe Scally,USA,RB,74,74,49,64,71,71,72
Cameron Carter-Vickers,USA,CB,77,80,33,59,70,75,84
Chris Richards,USA,CB,76,71,27,59,61,76,74
Mark McKenzie,USA,CB,74,81,36,50,64,73,78
Antonee Robinson,USA,LB,79,88,46,71,77,74,77
Walker Zimmermann,USA,CB,75,56,50,55,56,74,84
Miles Robinson,USA,CB,72,82,35,54,67,70,78
Tyler Adams,USA,CDM,77,77,50,68,72,77,74
Weston McKennie,USA,CM,78,76,73,77,78,79,80
Yunus Musah,USA,CM,75,88,69,71,81,71,82
Gio Reyna,USA,RM,75,77,72,71,79,37,67
Brenden Aaronson,USA,CAM,73,79,65,69,77,55,59
Malik Tillman,USA,CAM,77,80,68,72,80,62,72
Johnny Cardoso,USA,CDM,76,73,66,72,75,75,67
Luca de la Torre,USA,CM,72,64,61,72,73,62,62
Christian Pulisic,USA,RW,83,88,82,78,86,37,63
Timothy Weah,USA,RM,74,85,70,67,75,63,69
Josh Sargent,USA,ST,74,72,73,63,69,48,79
Ricardo Pepi,USA,ST,73,70,74,57,70,41,71
Folarin Balogun,USA,ST,77,84,77,62,77,23,69
Caden Clark,USA,CAM,65,78,61,62,68,46,60
Daryl Dike,USA,ST,70,65,70,47,62,20,79
Dominik Livaković,Croatia,GK,80,80,76,71,83,56,80
Nediljko Labrović,Croatia,GK,73,76,70,63,74,40,73
Josip Juranović,Croatia,RB,76,83,64,75,74,71,68
Josip Stanišić,Croatia,RB,77,73,44,65,69,78,74
Joško Gvardiol,Croatia,LB,83,79,69,74,78,83,83
Duje Ćaleta-Car,Croatia,CB,75,59,39,57,59,74,78
Martin Erlić,Croatia,CB,72,55,34,46,53,73,71
Borna Sosa,Croatia,LB,75,71,53,78,75,67,71
Borna Barišić,Croatia,LB,72,68,63,75,69,67,69
Bartol Franjić,Croatia,CDM,70,69,50,62,65,67,75
Mateo Kovačić,Croatia,CM,83,69,67,82,87,71,70
Marcelo Brozović,Croatia,CDM,82,66,74,79,80,80,80
Mario Pašalić,Croatia,CM,80,69,78,77,81,67,77
Lovro Majer,Croatia,CM,78,62,73,80,83,60,71
Luka Sučić,Croatia,CAM,74,79,73,74,74,49,69
Nikola Moro,Croatia,CDM,75,67,73,75,74,70,75
Luka Ivanušec,Croatia,LW,76,65,73,72,83,58,73
Kristijan Jakić,Croatia,CDM,75,67,61,64,68,74,79
Andrej Kramarić,Croatia,ST,81,71,83,79,84,33,73
Bruno Petković,Croatia,ST,77,72,74,78,78,40,76
Ante Budimir,Croatia,ST,78,59,79,52,74,35,77
Marko Livaja,Croatia,ST,75,72,76,71,77,38,79
Stipe Biuk,Croatia,LM,72,83,64,65,73,38,62
Petar Sučić,Croatia,CM,70,69,59,69,72,58,71
Thibaut Courtois,Belgium,GK,89,85,89,76,90,46,88
Koen Casteels,Belgium,GK,82,82,79,74,85,45,83
Maarten Vandevoordt,Belgium,GK,75,77,74,73,76,40,73
Timothy Castagne,Belgium,RB,77,72,57,71,73,74,72
Zeno Debast,Belgium,CB,76,66,53,71,72,76,76
Wout Faes,Belgium,CB,76,52,39,55,59,77,79
Arthur Theate,Belgium,CB,77,71,40,55,59,78,80
Alexis Saelemaekers,Belgium,LM,78,80,67,75,81,64,64
Brandon Mechele,Belgium,CB,75,51,39,51,53,79,77
Sebastiaan Bornauw,Belgium,CB,74,74,45,59,55,74,77
Thomas Meunier,Belgium,RB,76,68,74,72,71,74,82
Kevin De Bruyne,Belgium,CM,90,67,87,94,87,65,78
Youri Tielemans,Belgium,CM,81,44,79,83,79,69,70
Amadou Onana,Belgium,CDM,78,72,59,71,72,76,79
Hans Vanaken,Belgium,CAM,80,45,79,83,77,60,76
Orel Mangala,Belgium,CM,76,69,58,72,82,72,76
Leandro Trossard,Belgium,LW,83,82,81,80,85,30,61
Aster Vranckx,Belgium,CM,75,61,65,72,78,72,76
Arthur Vermeeren,Belgium,CDM,76,75,55,75,77,71,69
Romelu Lukaku,Belgium,ST,82,79,82,73,74,38,82
Lois Openda,Belgium,ST,85,93,84,69,81,31,79
Jeremy Doku,Belgium,LW,80,92,72,73,86,30,68
Charles De Ketelaere,Belgium,CAM,79,69,77,78,81,55,70
Dodi Lukebakio,Belgium,RW,79,84,78,70,82,31,59
Johan Bakayoko,Belgium,RW,79,86,71,70,82,33,63
Yannick Carrasco,Belgium,LW,83,88,81,80,85,59,67
Carlos Acevedo,Mexico,LM,69,72,68,69,69,51,58
Jorge Sánchez,Mexico,CB,71,61,41,56,62,72,77
César Montes,Mexico,CB,74,57,46,60,63,73,79
Johan Vásquez,Mexico,CB,74,61,32,58,57,74,75
Julián Araujo,Mexico,RB,74,90,33,62,69,70,75
Edson Álvarez,Mexico,CDM,81,66,58,69,72,83,87
Carlos Rodríguez,Mexico,RB,59,78,29,48,62,53,45
Orbelín Pineda,Mexico,CAM,77,81,74,72,81,65,66
Bryan González,Mexico,RM,64,75,61,61,65,37,57
Obed Vargas,Mexico,CM,64,74,42,62,71,55,51
Santiago Giménez,Mexico,ST,79,79,80,70,76,49,75
Hirving Lozano,Mexico,RW,78,88,75,71,80,41,58
Raúl Jiménez,Mexico,ST,74,54,76,73,73,45,78
Alexis Lainez,Mexico,CDM,72,31,54,63,65,69,77
Santiago Lozano,Mexico,CDM,70,54,48,65,65,69,74
Maxime Crépeau,Canada,GK,73,74,71,70,75,49,71
Dayne St. Clair,Canada,GK,71,71,66,56,76,27,70
James Pantemis,Canada,GK,65,65,63,54,66,36,65
Alphonso Davies,Canada,LB,82,95,66,77,84,72,76
Richie Laryea,Canada,RB,71,83,61,65,74,65,72
Alistair Johnston,Canada,RB,75,79,57,71,70,71,80
Kamal Miller,Canada,CB,71,76,48,60,63,69,80
Derek Cornelius,Canada,CB,72,68,45,51,57,68,85
Joel Waterman,Canada,CB,67,41,33,58,51,67,73
Gabriele Corbo,Canada,CB,67,56,40,49,57,66,68
Stephen Eustáquio,Canada,CDM,76,66,66,75,73,72,73
Mark-Anthony Kaye,Canada,CM,68,70,53,64,64,68,73
Ismael Koné,Canada,CM,72,78,63,68,71,64,69
Jonathan Osorio,Canada,CM,72,58,68,70,74,61,65
Samuel Piette,Canada,CDM,70,59,29,56,58,69,78
Liam Fraser,Canada,CDM,64,60,35,59,59,61,74
Charles-Andreas Brym,Canada,ST,66,83,65,54,65,28,69
Mathieu Choinière,Canada,CM,70,62,60,69,72,62,58
Jonathan David,Canada,ST,81,82,81,71,78,34,75
Tajon Buchanan,Canada,RM,74,92,65,66,74,67,73
Cyle Larin,Canada,ST,75,71,75,65,69,28,78
Theo Bair,Canada,ST,69,73,67,50,64,28,79
Ike Ugbo,Canada,ST,70,74,68,57,68,29,69
Jacob Shaffelburg,Canada,LM,67,91,61,60,65,52,63
Édouard Mendy,Senegal,GK,80,78,77,75,81,34,79
Seny Dieng,Senegal,GK,71,70,67,69,74,40,67
Alfred Gomis,Senegal,GK,69,69,67,68,69,42,68
Ismail Jakobs,Senegal,LB,74,84,60,64,73,67,69
Youssouf Sabaly,Senegal,RB,77,78,54,65,74,74,71
Moussa Niakhaté,Senegal,CB,76,68,42,62,63,76,76
Fodé Ballo-Touré,Senegal,LB,70,81,51,68,72,68,62
Ibrahima Mbaye,Senegal,RW,63,66,61,54,66,20,47
Formose Mendy,Senegal,CB,71,75,37,56,60,70,75
Idrissa Gueye,Senegal,CDM,76,60,60,66,71,78,68
Nampalys Mendy,Senegal,CDM,75,56,54,70,74,74,67
Pape Matar Sarr,Senegal,CDM,79,70,65,75,78,76,75
Lamine Camara,Senegal,CM,73,79,65,73,74,57,59
Krepin Diatta,Senegal,RM,75,89,69,66,78,50,67
Pathé Ciss,Senegal,CDM,74,62,56,61,63,72,84
Pape Guèye,Senegal,CM,75,58,60,70,71,74,76
Habib Diallo,Senegal,ST,74,70,74,59,71,22,74
Sadio Mané,Senegal,LM,84,83,81,78,86,44,75
Ismaïla Sarr,Senegal,RW,76,91,76,66,79,22,68
Boulaye Dia,Senegal,ST,79,81,80,62,77,27,75
Nicolas Jackson,Senegal,ST,79,83,78,65,80,40,73
Iliman Ndiaye,Senegal,ST,75,84,72,63,82,40,62
Zion Suzuki,Japan,GK,71,71,68,71,76,56,67
Takehiro Tomiyasu,Japan,RB,78,69,33,67,72,80,80
Miki Yamane,Japan,RB,72,77,61,65,65,68,74
Ko Itakura,Japan,CB,76,73,45,59,70,77,73
Shogo Taniguchi,Japan,CB,72,62,45,60,60,75,73
Yukinari Sugawara,Japan,RB,77,82,54,76,73,71,71
Hiroki Ito,Japan,CB,79,77,57,71,72,80,75
Koki Machida,Japan,CB,74,78,42,59,52,73,80
Wataru Endo,Japan,CDM,80,60,68,71,78,79,76
Daichi Kamada,Japan,CAM,81,79,73,80,83,54,63
Ao Tanaka,Japan,CDM,73,68,67,69,72,70,70
Hidemasa Morita,Japan,CM,79,69,72,76,79,74,77
Ritsu Doan,Japan,RM,78,78,64,74,83,40,60
Junya Ito,Japan,RM,78,87,69,74,79,58,68
Kaoru Mitoma,Japan,LM,81,84,73,75,85,57,65
Keito Nakamura,Japan,LM,74,77,72,70,76,41,69
Takefusa Kubo,Japan,RW,81,84,76,76,83,40,60
Ayase Ueda,Japan,ST,74,75,75,57,68,28,70
Takuma Asano,Japan,RM,74,86,68,63,77,33,70
Kyogo Furuhashi,Japan,ST,77,84,78,67,75,49,65
Daizen Maeda,Japan,LW,74,93,71,65,75,60,74
Koki Ogawa,Japan,ST,69,48,70,57,65,29,70
Reo Hatate,Japan,CM,76,70,74,73,80,64,67
Yassine Bounou,Morocco,GK,84,81,82,77,86,38,83
Achraf Hakimi,Morocco,RB,84,91,76,80,80,75,78
Nayef Aguerd,Morocco,CB,79,67,50,64,64,81,75
Jawad El Yamiq,Morocco,CB,75,86,50,53,63,75,80
Yunis Abdelhamid,Morocco,CB,75,32,33,57,62,76,78
Hamza Mendyl,Morocco,LM,68,87,58,57,69,61,68
Sofyan Amrabat,Morocco,CDM,78,65,69,73,75,74,80
Azzedine Ounahi,Morocco,CM,75,64,63,73,77,63,66
Selim Amallah,Morocco,CAM,73,67,73,73,71,64,74
Bilal El Khannouss,Morocco,CAM,76,71,60,78,81,37,56
Hakim Ziyech,Morocco,RM,80,74,77,82,80,50,66
Amine Harit,Morocco,CM,76,77,65,74,81,60,57
Ilias Chair,Morocco,LM,74,79,66,71,78,32,53
Abde Ezzalzouli,Morocco,LM,74,83,70,66,78,27,53
Youssef En-Nesyri,Morocco,ST,83,82,82,63,77,36,80
Zakaria Aboukhlal,Morocco,RM,75,84,72,69,75,41,75
Anass Zaroury,Morocco,LM,73,84,66,68,76,27,61
Walid Cheddira,Morocco,ST,74,80,73,64,68,41,76
Ryan Mmaee,Morocco,ST,69,75,67,54,70,28,63
Ayoub El Kaabi,Morocco,ST,78,80,80,61,74,46,70
Soufiane Rahimi,Morocco,LM,79,85,77,73,78,38,66
Kim Seung-gyu,South Korea,GK,73,75,65,70,76,36,71
Jo Hyeon-woo,South Korea,GK,75,77,72,62,78,51,73
Kim Moon-hwan,South Korea,RB,68,83,53,59,68,60,68
Kim Min-jae,South Korea,CB,83,76,33,57,63,85,83
Kim Ji-soo,South Korea,CB,62,51,24,43,34,62,69
Kim Jin-su,South Korea,LB,68,81,45,62,65,60,74
Lee Kang-in,South Korea,CAM,79,74,74,80,82,50,66
Lee Jae-sung,South Korea,CAM,76,69,71,72,81,59,61
Paik Seung-ho,South Korea,CM,72,68,67,70,73,64,75
Jung Woo-young,South Korea,CDM,68,55,57,65,59,63,74
Son Heung-min,South Korea,CM,49,55,42,49,51,42,42
Hwang Hee-chan,South Korea,ST,78,84,77,70,78,39,74
Oh Hyeon-gyu,South Korea,ST,69,76,68,53,65,43,80
Cho Gue-sung,South Korea,ST,72,78,71,52,68,30,79
Yang Hyun-jun,South Korea,RW,69,73,64,66,74,35,66
Lee Seung-won,South Korea,CM,55,57,42,57,59,44,48
Bae Jun-ho,South Korea,LM,71,71,61,68,73,36,55
Lim Chang-woo,South Korea,CB,65,75,48,54,61,63,74
Franco Israel,Uruguay,GK,75,79,72,71,81,31,76
Sebastián Sosa,Uruguay,ST,63,67,64,46,63,22,58
Nahitan Nández,Uruguay,RM,75,81,61,71,77,68,79
Guillermo Varela,Uruguay,GK,72,74,70,65,72,25,73
Ronald Araújo,Uruguay,CB,85,82,53,64,62,85,84
José Giménez,Uruguay,RM,57,72,49,51,61,27,49
Mathías Olivera,Uruguay,LB,77,71,50,68,71,75,73
Federico Valverde,Uruguay,CM,88,88,82,84,84,80,84
Rodrigo Bentancur,Uruguay,CM,81,67,68,80,82,79,76
Manuel Ugarte,Uruguay,CDM,81,69,65,73,77,78,80
Lucas Torreira,Uruguay,CDM,83,76,69,78,81,81,81
Facundo Pellistri,Uruguay,RM,72,80,62,66,75,38,63
Matías Vecino,Uruguay,CM,78,58,73,75,76,79,79
Darwin Núñez,Uruguay,ST,82,90,80,72,78,46,86
Facundo Torres,Uruguay,RM,74,81,70,69,74,38,54
Maxi Gómez,Uruguay,CM,79,66,75,80,78,61,61
Brian Rodríguez,Uruguay,LM,76,81,74,75,73,63,69
Diego Rossi,Uruguay,CAM,75,88,72,70,77,34,55
Luciano Rodríguez,Uruguay,RB,78,77,54,74,77,77,69
Kevin Mier,Colombia,CM,66,71,64,66,68,63,68
Álvaro Montero,Colombia,GK,76,75,74,69,76,43,79
Daniel Muñoz,Colombia,RB,80,84,66,72,76,75,82
Johan Mojica,Colombia,LB,77,88,65,73,72,72,70
Davinson Sánchez,Colombia,CB,80,77,47,55,65,79,82
Yerry Mina,Colombia,CB,76,32,50,55,56,77,77
Carlos Cuesta,Colombia,CB,72,76,28,52,62,71,74
Jhon Lucumí,Colombia,CB,77,66,37,62,61,78,78
Nicolás Hernández,Colombia,CB,65,70,21,51,49,64,75
James Rodríguez,Colombia,ST,69,53,73,64,67,42,66
Richard Ríos,Colombia,LM,67,80,56,62,70,58,52
Jefferson Lerma,Colombia,CDM,79,72,71,71,74,77,81
Juan Fernando Quintero,Colombia,CAM,77,62,76,79,81,41,54
Jorman Campuzano,Colombia,CDM,73,72,40,60,65,71,72
Luis Díaz,Colombia,LW,84,90,80,75,87,39,75
Jhon Córdoba,Colombia,CB,66,71,31,53,61,63,72
Cucho Hernández,Colombia,ST,78,83,77,73,78,42,77
Jorge Carrascal,Colombia,CM,68,66,61,69,64,62,71
Jhon Durán,Colombia,ST,74,78,75,58,71,32,77
Duván Zapata,Colombia,ST,83,73,82,64,78,35,88
Frederik Rønnow,Denmark,GK,79,79,79,69,81,47,78
Oliver Christensen,Denmark,GK,73,75,70,69,79,44,69
Mads Hermansen,Denmark,GK,76,76,74,78,79,50,75
Joakim Mæhle,Denmark,RB,78,76,57,71,74,73,78
Alexander Bah,Denmark,RB,79,91,65,72,75,74,81
Joachim Andersen,Denmark,CB,80,52,57,72,66,79,84
Jannik Vestergaard,Denmark,CB,76,32,48,63,54,75,83
Andreas Christensen,Denmark,CB,83,67,32,68,71,85,76
Victor Kristiansen,Denmark,LB,75,73,55,67,73,71,73
Rasmus Kristensen,Denmark,RB,76,69,65,67,71,75,77
Christian Eriksen,Denmark,CM,78,50,74,83,76,53,50
Pierre-Emile Højbjerg,Denmark,CDM,80,50,73,76,74,77,80
Mathias Jensen,Denmark,CM,77,67,64,79,75,69,74
Mikkel Damsgaard,Denmark,CM,73,81,69,71,78,61,65
Morten Hjulmand,Denmark,CDM,80,65,66,76,74,75,83
Patrick Dorgu,Denmark,LB,64,78,50,54,67,57,48
Thomas Delaney,Denmark,CDM,76,64,69,71,70,78,76
Yussuf Poulsen,Denmark,ST,77,72,71,67,74,56,80
Rasmus Højlund,Denmark,ST,78,85,77,59,74,33,84
Jonas Wind,Denmark,ST,78,48,79,72,77,37,78
Kasper Dolberg,Denmark,ST,76,73,78,66,71,30,68
Anders Dreyer,Denmark,RW,77,78,78,74,77,42,65
Mikkel Kaufmann,Denmark,ST,70,80,68,54,66,25,68
Mohamed Daramy,Denmark,LM,74,86,66,65,78,28,70
Jesper Lindstrøm,Denmark,CAM,75,82,72,68,79,43,60
Gregor Kobel,Switzerland,GK,88,87,86,73,89,44,87
Philipp Köhn,Switzerland,GK,75,76,73,68,76,46,74
Yvon Mvogo,Switzerland,GK,77,78,77,74,77,42,76
Silvan Widmer,Switzerland,RB,74,72,62,70,72,71,77
Fabian Schär,Switzerland,CB,82,51,68,77,74,84,79
Manuel Akanji,Switzerland,CB,84,78,48,71,75,85,82
Nico Elvedi,Switzerland,CB,76,73,39,63,65,77,74
Ricardo Rodriguez,Switzerland,CB,77,70,69,79,76,79,74
Loris Benito,Switzerland,CB,71,66,51,63,64,71,77
Cédric Zesiger,Switzerland,CB,74,67,43,57,61,73,80
Edimilson Fernandes,Switzerland,CB,73,69,65,70,72,76,68
Granit Xhaka,Switzerland,CDM,86,50,75,85,74,79,82
Remo Freuler,Switzerland,CDM,81,60,72,76,77,77,74
Denis Zakaria,Switzerland,CDM,79,80,67,72,76,78,84
Ruben Vargas,Switzerland,LM,75,82,70,69,79,54,65
Michel Aebischer,Switzerland,CM,76,66,67,74,75,74,74
Fabian Rieder,Switzerland,CAM,74,73,69,71,75,51,63
Vincent Sierro,Switzerland,CM,75,61,67,75,72,70,75
Zeki Amdouni,Switzerland,ST,73,69,74,69,75,46,70
Breel Embolo,Switzerland,ST,77,78,77,70,74,51,80
Noah Okafor,Switzerland,ST,78,88,77,72,83,31,73
Dan Ndoye,Switzerland,RM,75,81,67,67,78,64,68
Kwadwo Duah,Switzerland,CB,60,64,35,44,53,59,66
Christian Fassnacht,Switzerland,RM,71,76,66,67,72,36,69
Renato Steffen,Switzerland,RW,75,86,70,71,77,53,66
Joël Monteiro,Switzerland,LM,72,81,68,64,72,47,78
Patrick Pentz,Austria,GK,74,73,71,71,76,53,72
Alexander Schlager,Austria,GK,74,73,72,66,76,46,73
Heinz Lindner,Austria,GK,71,72,70,65,71,42,73
Stefan Posch,Austria,RB,78,75,55,68,65,79,75
Kevin Danso,Austria,CB,80,75,32,57,62,80,85
Maximilian Wöber,Austria,CB,77,65,52,67,65,78,78
Phillipp Lienhart,Austria,CB,79,69,28,59,64,81,75
Gernot Trauner,Austria,CB,78,56,57,67,67,79,80
Philipp Mwene,Austria,LB,74,80,54,66,75,68,69
Alexander Prass,Austria,CM,74,82,65,73,75,69,76
Stefan Lainer,Austria,RB,73,70,62,65,67,73,75
Konrad Laimer,Austria,CDM,83,80,69,77,77,82,78
Marcel Sabitzer,Austria,CM,84,76,84,81,82,75,79
Christoph Baumgartner,Austria,CAM,80,77,74,74,82,47,60
Nicolas Seiwald,Austria,CDM,77,73,62,73,74,74,75
Florian Grillitsch,Austria,CB,74,66,60,76,75,76,68
Romano Schmid,Austria,CAM,75,77,63,70,81,53,58
Florian Kainz,Austria,CAM,76,71,74,77,77,44,61
Patrick Wimmer,Austria,RM,77,80,69,71,81,49,70
Thomas Goiginger,Austria,RM,68,72,67,66,67,35,57
Michael Gregoritsch,Austria,ST,78,53,79,70,70,42,76
Marko Arnautovic,Austria,ST,80,70,79,78,79,44,78
Andreas Weimann,Austria,CAM,70,70,72,65,71,45,72
Junior Adamu,Austria,ST,70,79,69,52,70,22,67
Karim Onisiwo,Austria,ST,73,75,71,63,71,50,83
Andreas Gruber,Austria,RM,71,81,72,67,70,34,68
Łukasz Skorupski,Poland,GK,79,79,76,68,83,51,78
Bartłomiej Drągowski,Poland,GK,75,77,71,70,77,37,72
Bartosz Bereszyński,Poland,RB,72,76,56,64,69,67,72
Jan Bednarek,Poland,CB,74,43,22,55,55,75,77
Jakub Kiwior,Poland,LB,76,69,37,66,63,77,77
Kamil Piątkowski,Poland,CB,73,80,47,64,68,70,82
Mateusz Wieteska,Poland,CB,72,47,37,50,59,73,73
Tymoteusz Puchacz,Poland,LB,70,86,64,62,70,63,80
Nicola Zalewski,Poland,LM,77,85,64,74,79,64,59
Matty Cash,Poland,RB,79,77,66,71,75,75,76
Piotr Zieliński,Poland,CM,81,78,76,80,83,71,62
Sebastian Szymański,Poland,CAM,80,81,77,79,79,51,67
Przemysław Frankowski,Poland,RB,78,90,72,75,76,70,73
Jakub Moder,Poland,CM,73,61,70,74,72,70,71
Damian Szymański,Poland,CDM,74,70,64,65,68,73,81
Kacper Kozłowski,Poland,LM,68,68,59,63,74,63,69
Jakub Kamiński,Poland,LM,73,82,64,66,77,48,58
Robert Lewandowski,Poland,ST,88,75,88,79,86,44,84
Karol Świderski,Poland,ST,73,64,74,62,71,32,71
Arkadiusz Milik,Poland,ST,81,56,82,72,77,40,72
Krzysztof Piątek,Poland,ST,74,70,75,56,72,36,71
Adam Buksa,Poland,ST,74,63,74,57,68,32,77
Dawid Kownacki,Poland,ST,71,74,72,63,72,34,68
Szymon Żurkowski,Poland,CM,72,73,72,70,74,67,77
Predrag Rajković,Serbia,GK,78,77,76,74,81,25,79
Đorđe Petrović,Serbia,GK,79,79,78,73,81,41,77
Marko Dmitrović,Serbia,GK,78,76,77,78,78,37,79
Strahinja Pavlović,Serbia,CB,76,70,43,51,64,75,84
Nikola Milenković,Serbia,CB,79,58,45,62,62,79,82
Strahinja Eraković,Serbia,CB,76,70,43,51,64,75,84
Srđan Babić,Serbia,ST,62,81,59,50,64,27,66
Miloš Veljković,Serbia,CB,73,34,33,53,59,74,74
Filip Mladenović,Serbia,LB,73,85,67,70,69,65,66
Aleksa Terzić,Serbia,LB,71,82,45,59,70,66,62
Sergej Milinković-Savić,Serbia,CM,85,64,80,81,82,78,88
Lazar Samardzić,Serbia,CM,75,70,71,73,79,60,62
Saša Lukić,Serbia,CM,75,53,69,74,75,70,70
Ivan Ilić,Serbia,CM,77,68,72,77,78,68,69
Uroš Račić,Serbia,CM,72,57,68,72,71,70,79
Nemanja Gudelj,Serbia,CB,80,54,73,78,70,79,85
Andrija Živković,Serbia,RW,78,82,74,74,81,57,62
Filip Kostić,Serbia,LM,82,85,76,81,81,70,80
Nemanja Maksimović,Serbia,CM,78,47,73,74,73,77,79
Dušan Vlahović,Serbia,ST,84,78,84,69,79,29,83
Aleksandar Mitrović,Serbia,ST,82,64,82,62,73,28,88
Luka Jović,Serbia,ST,79,75,79,68,79,30,72
Nemanja Radonjić,Serbia,CAM,75,88,75,69,75,30,61
Dušan Tadic,Serbia,LM,83,64,79,85,81,43,78
Ugurcan Cakir,Turkey,GK,77,78,76,74,73,54,80
Altay Bayindir,Turkey,GK,76,78,73,72,79,30,76
Mert Gunok,Turkey,GK,77,74,76,75,77,56,78
Zeki Celik,Turkey,RB,75,71,59,69,70,73,76
Merih Demiral,Turkey,CB,76,72,39,47,60,77,80
Samet Akaydin,Turkey,CB,69,61,37,44,49,69,76
Kaan Ayhan,Turkey,RB,75,59,53,73,69,77,77
Ferdi Kadioglu,Turkey,LB,81,88,65,75,85,75,76
Ridvan Yilmaz,Turkey,LB,74,86,56,67,78,68,62
Abdulkerim Bardakci,Turkey,CB,79,61,45,71,69,79,86
Mert Muldur,Turkey,RB,74,74,53,65,74,71,74
Hakan Calhanoglu,Turkey,CDM,86,71,80,87,85,79,76
Arda Guler,Turkey,CAM,78,72,73,80,82,52,50
Salih Ozcan,Turkey,CDM,76,71,59,68,74,76,79
Okay Yokuslu,Turkey,CDM,74,56,70,70,68,72,81
Irfan Can Kahveci,Turkey,RW,79,73,79,79,80,58,66
Baris Alper Yilmaz,Turkey,RM,80,91,75,71,82,67,84
Yunus Akgun,Turkey,RM,72,88,65,64,76,30,59
Kerem Akturkoglu,Turkey,LM,77,86,72,71,78,35,56
Halil Dervisoglu,Turkey,ST,67,73,65,63,72,39,61
Cenk Tosun,Turkey,ST,74,66,75,67,71,36,72
Serdar Dursun,Turkey,ST,70,56,71,59,66,40,74
Enes Unal,Turkey,ST,78,67,80,68,77,40,80
Cengiz Under,Turkey,RW,76,77,75,76,78,38,58
Berkan Kutlu,Turkey,CM,71,78,63,62,68,71,77
Angus Gunn,Scotland,GK,74,75,71,72,76,48,71
Robby McCrorie,Scotland,GK,65,64,65,63,65,32,66
Zander Clark,Scotland,GK,72,73,68,70,77,31,72
Andrew Robertson,Scotland,LB,85,78,61,82,79,81,78
Scott McKenna,Scotland,CB,71,51,32,46,51,70,80
Jack Hendry,Scotland,CB,75,78,56,63,65,72,85
Liam Scales,Scotland,CB,73,70,56,63,63,71,79
Ryan Porteous,Scotland,CB,70,68,42,62,60,68,80
Aaron Hickey,Scotland,RB,76,74,54,70,74,74,68
Kieran Tierney,Scotland,LB,79,80,60,75,77,76,75
Greg Taylor,Scotland,LB,74,72,55,73,73,71,73
Callum McGregor,Scotland,CDM,79,79,74,77,80,71,78
John McGinn,Scotland,CM,82,68,77,80,82,78,85
Scott McTominay,Scotland,CDM,78,55,78,71,73,75,84
Billy Gilmour,Scotland,CDM,75,60,58,75,76,70,62
Ryan Christie,Scotland,CM,76,76,70,75,77,71,78
Kenny McLean,Scotland,CDM,72,66,69,68,72,66,74
Stuart Armstrong,Scotland,CM,73,62,73,73,74,65,64
Alan Forrest,Scotland,LM,69,82,64,63,71,46,55
Lawrence Shankland,Scotland,ST,75,63,78,64,74,28,80
Che Adams,Scotland,ST,75,79,76,62,74,40,76
Ryan Fraser,Scotland,LW,72,76,68,69,75,48,59
Lyndon Dykes,Scotland,ST,69,66,68,52,65,29,82
Kevin Nisbet,Scotland,ST,71,65,73,62,69,37,71
Ben Doak,Scotland,RW,66,89,56,53,70,28,52
Moises Ramirez,Ecuador,GK,74,74,71,68,75,33,72
Hernan Galindez,Ecuador,GK,74,74,73,70,74,32,76
Piero Hincapie,Ecuador,CB,81,78,40,64,72,81,80
Robert Arboleda,Ecuador,LM,70,78,57,68,73,45,67
Pervis Estupinian,Ecuador,LB,80,78,57,75,79,77,75
Diego Palacios,Ecuador,RM,72,77,68,66,75,41,52
Angelo Preciado,Ecuador,RB,75,84,63,70,76,66,72
Xavier Arreaga,Ecuador,CB,66,53,28,49,56,66,72
Moises Caicedo,Ecuador,CDM,82,75,63,75,78,79,78
Carlos Gruezo,Ecuador,CDM,72,58,46,61,67,68,74
Jeremy Sarmiento,Ecuador,LM,69,78,63,65,72,37,60
Kendry Paez,Ecuador,CAM,72,79,67,69,72,43,52
Djorkaeff Reasco,Ecuador,ST,66,76,67,54,65,33,74
Kevin Rodriguez,Ecuador,ST,68,80,66,57,69,25,67
Michael Estrada,Ecuador,ST,70,76,65,51,67,24,73
Romario Ibarra,Ecuador,LW,66,80,62,62,67,39,65
Jordy Caicedo,Ecuador,ST,69,73,66,44,64,34,79
John Yeboah,Ecuador,RW,69,92,62,57,71,26,61
Enner Valencia,Ecuador,LM,68,84,55,60,70,44,61
Junior Sornoza,Ecuador,CAM,75,74,75,75,75,41,51
Maduka Okoye,Nigeria,GK,74,73,72,68,78,24,74
William Troost-Ekong,Nigeria,CB,72,58,32,44,44,72,77
Calvin Bassey,Nigeria,CB,76,82,44,62,67,74,86
Kenneth Omeruo,Nigeria,CB,69,62,32,48,56,69,76
Semi Ajayi,Nigeria,CB,70,69,48,47,59,69,81
Ola Aina,Nigeria,LB,75,89,60,69,74,70,74
Zaidu Sanusi,Nigeria,LB,75,90,37,55,63,73,72
Bright Osayi-Samuel,Nigeria,RB,76,93,58,63,78,68,82
Chidozie Awaziem,Nigeria,CB,70,72,39,48,60,69,76
Wilfred Ndidi,Nigeria,CDM,78,65,65,73,74,75,80
Frank Onyeka,Nigeria,CM,72,77,63,66,73,72,76
Alex Iwobi,Nigeria,RM,77,75,65,72,80,56,75
Joe Aribo,Nigeria,CM,73,74,64,72,76,66,77
Fisayo Dele-Bashiru,Nigeria,CAM,70,77,69,62,74,57,78
Raphael Onyedika,Nigeria,CDM,75,74,64,64,71,72,80
Victor Osimhen,Nigeria,ST,87,89,84,65,81,42,82
Ademola Lookman,Nigeria,ST,82,84,81,71,86,31,66
Samuel Chukwueze,Nigeria,RW,80,88,74,74,83,36,61
Moses Simon,Nigeria,LM,76,89,69,70,80,33,61
Taiwo Awoniyi,Nigeria,ST,76,75,76,60,69,32,79
Terem Moffi,Nigeria,ST,77,91,77,54,72,26,77
Emmanuel Dennis,Nigeria,LM,72,85,71,63,75,41,70
Gianluigi Donnarumma,Italy,GK,89,90,84,73,90,52,87
Alex Meret,Italy,GK,81,80,78,72,84,44,83
Marco Sportiello,Italy,GK,77,76,74,75,77,44,80
Giovanni Di Lorenzo,Italy,RB,82,83,67,73,76,79,80
Riccardo Calafiori,Italy,CB,78,69,65,70,72,78,77
Alessandro Bastoni,Italy,CB,87,75,43,75,76,87,83
Federico Gatti,Italy,CB,78,75,37,51,61,80,76
Alessandro Buongiorno,Italy,CB,80,65,45,69,65,82,76
Federico Dimarco,Italy,LB,84,80,77,84,83,78,81
Destiny Udogie,Italy,LB,82,88,65,74,80,78,80
Andrea Cambiaso,Italy,RB,77,78,61,76,77,72,66
Nicolo Barella,Italy,CM,87,81,78,83,86,80,82
Sandro Tonali,Italy,CDM,85,84,74,81,81,82,82
Davide Frattesi,Italy,CM,81,80,74,78,81,71,71
Lorenzo Pellegrini,Italy,CAM,83,79,78,83,83,74,78
Nicolo Fagioli,Italy,CDM,76,76,63,78,79,70,68
Samuele Ricci,Italy,CDM,77,73,55,72,78,73,68
Michael Folorunsho,Italy,CAM,76,73,76,74,75,71,82
Bryan Cristante,Italy,CM,81,55,74,78,75,78,84
Manuel Locatelli,Italy,CDM,83,64,70,80,78,79,80
Federico Chiesa,Italy,RW,84,93,83,76,86,52,75
Giacomo Raspadori,Italy,CAM,78,79,77,68,82,27,56
Gianluca Scamacca,Italy,ST,79,65,81,67,74,36,74
Mateo Retegui,Italy,ST,76,72,76,64,70,35,77
Moise Kean,Italy,ST,78,84,76,58,76,40,75
Stephan El Shaarawy,Italy,LM,79,82,75,76,83,49,62
Mat Ryan,Australia,GK,78,76,78,80,79,52,77
Joe Gauci,Australia,GK,68,71,65,60,72,30,64
Thomas Glover,Australia,GK,66,68,61,63,68,32,65
Harry Souttar,Australia,CB,71,46,28,51,55,70,78
Kye Rowles,Australia,CB,71,64,24,46,47,72,76
Joel King,Australia,LB,63,69,33,54,58,56,71
Nathaniel Atkinson,Australia,RB,68,76,53,62,71,59,73
Alex Gersbach,Australia,LB,64,82,35,55,61,57,73
Ryan Strain,Australia,RB,67,78,50,63,66,61,73
Jackson Irvine,Australia,CM,74,64,68,70,70,72,79
Riley McGree,Australia,LM,72,78,67,69,73,63,74
Ajdin Hrustic,Australia,CM,69,50,68,72,71,56,66
Keanu Baccus,Australia,CM,68,77,55,62,69,68,70
Cameron Devlin,Australia,CDM,72,68,55,63,72,68,73
Connor Metcalfe,Australia,CM,69,76,60,66,70,62,76
Denis Genreau,Australia,CM,70,60,62,68,69,64,68
Alex Robertson,Australia,CAM,67,71,56,66,71,55,62
Mathew Leckie,Australia,LM,73,82,68,68,75,63,78
Awer Mabil,Australia,LM,68,86,63,62,69,34,61
Martin Boyle,Australia,RM,71,88,69,62,71,44,60
Marco Tilio,Australia,RM,67,83,61,61,71,40,55
Sam Silvera,Australia,LM,65,73,59,58,69,36,60
Mitchell Duke,Australia,CAM,67,68,58,69,71,46,58
Adam Taggart,Australia,ST,70,83,69,60,68,38,71
Garang Kuol,Australia,LW,64,88,56,56,66,28,40
Yahia Fofana,Ivory Coast,GK,72,74,69,69,74,41,71
Odilon Kossounou,Ivory Coast,CB,81,80,32,64,67,82,80
Emmanuel Agbadou,Ivory Coast,CB,77,63,47,55,60,76,83
Wilfried Singo,Ivory Coast,CB,79,77,57,70,73,77,83
Ghislain Konan,Ivory Coast,LB,76,81,52,69,74,71,75
Willy Boly,Ivory Coast,CB,77,34,36,60,58,77,78
Wesley Fofana,Ivory Coast,CB,78,67,40,60,65,80,75
Eric Bailly,Ivory Coast,CB,76,68,42,59,66,76,71
Hamari Traore,Ivory Coast,RB,80,82,57,72,76,75,78
Ibrahim Sangare,Ivory Coast,CDM,77,60,65,72,72,77,83
Franck Kessie,Ivory Coast,CDM,82,79,77,74,79,80,88
Seko Fofana,Ivory Coast,CM,80,71,77,76,78,73,86
Tiemoue Bakayoko,Ivory Coast,CDM,72,51,50,65,67,71,77
Jean-Michael Seri,Ivory Coast,CDM,72,56,65,76,73,66,64
Karim Konate,Ivory Coast,ST,73,86,70,56,75,40,65
Amad Diallo,Ivory Coast,RM,75,85,71,68,80,25,50
Maxwel Cornet,Ivory Coast,LM,75,85,75,70,76,67,70
Sebastien Haller,Ivory Coast,ST,79,56,79,63,75,51,73
Simon Adingra,Ivory Coast,RM,76,88,70,69,80,30,52
Nicolas Pepe,Ivory Coast,RM,78,87,76,74,81,36,64
Jonathan Bamba,Ivory Coast,LM,77,83,73,73,79,39,67
Wilfried Zaha,Ivory Coast,LM,81,86,78,73,85,37,75
Florin Nita,Romania,GK,70,69,70,65,72,20,73
Razvan Sava,Romania,GK,69,70,69,63,71,25,70
Mihai Popa,Romania,GK,68,66,66,62,72,41,63
Radu Dragusin,Romania,CB,75,73,37,53,65,75,75
Adrian Rus,Romania,CB,67,72,47,54,59,66,73
Andrei Ratiu,Romania,RB,73,88,56,65,67,69,66
Nicusor Bancu,Romania,LB,70,81,66,66,70,62,76
Alexandru Ionita,Romania,LM,73,86,72,68,77,26,60
Virgil Ghita,Romania,CB,67,54,44,48,51,67,76
Ionut Nedelcearu,Romania,CB,70,71,48,56,57,68,79
Bogdan Racovitan,Romania,CB,68,75,32,38,44,68,77
Razvan Marin,Romania,CM,75,64,74,76,75,67,71
Darius Olaru,Romania,CM,73,83,73,72,74,64,82
Ianis Hagi,Romania,CAM,74,63,72,74,75,36,62
Dennis Man,Romania,RM,75,92,72,69,77,45,73
Razvan Oaida,Romania,CM,65,75,63,62,65,66,73
Marius Marin,Romania,CM,67,75,57,67,67,64,72
Denis Dragus,Romania,ST,71,80,70,56,75,19,71
George Puscas,Romania,ST,67,67,67,53,64,36,72
Valentin Mihaila,Romania,LM,72,92,65,65,72,33,59
Daniel Birligea,Romania,ST,68,83,65,55,66,26,76
Wuilker Farinez,Venezuela,GK,70,70,66,64,75,52,69
Rafael Romo,Venezuela,GK,72,75,68,68,74,36,70
Joel Graterol,Venezuela,GK,71,71,68,66,72,24,72
Jon Aramburu,Venezuela,RB,67,71,46,59,62,64,62
Ronald Hernandez,Venezuela,RB,64,82,33,52,61,59,65
Mikel Villanueva,Venezuela,CB,71,53,40,58,62,71,79
Miguel Navarro,Venezuela,LB,64,73,31,51,62,60,62
Yangel Herrera,Venezuela,CDM,82,64,77,76,78,80,81
Jose Martinez,Venezuela,GK,75,75,71,67,74,26,76
Jefferson Savarino,Venezuela,CB,61,63,32,41,49,63,66
Cristian Casseres Jr,Venezuela,CDM,73,77,64,67,71,72,74
Darwin Machis,Venezuela,LM,77,86,76,72,82,38,67
Jhon Murillo,Venezuela,LM,68,79,68,66,67,48,63
Eric Ramirez,Venezuela,ST,67,67,69,51,61,28,70
Luis Mejia,Panama,GK,70,69,72,68,72,52,65
Gianluca Weston,Panama,RB,55,79,52,56,61,45,52
Harold Cummings,Panama,ST,69,66,71,57,66,38,61
Michael Murillo,Panama,ST,61,71,60,48,60,26,65
Marcos Sanchez,Panama,CDM,67,34,58,64,65,68,66
Roderick Miller,Panama,RB,64,66,37,52,58,61,69
Adalberto Carrasquilla,Panama,CM,71,73,63,66,78,60,69
Anibal Godoy,Panama,CDM,70,43,55,65,65,63,75
Alberto Quintero,Panama,GK,61,62,56,60,67,32,57
Andres Andrade,Panama,CB,71,74,51,61,65,71,79
Cecilio Waterman,Panama,CB,67,41,33,58,51,67,73
Jose Fajardo,Panama,ST,70,67,70,57,66,33,68
Ismael Diaz,Panama,LW,74,87,70,62,75,34,75
Mohammed Al-Owais,Saudi Arabia,GK,69,77,62,60,71,51,64
Sultan Al-Ghannam,Saudi Arabia,RB,74,81,60,73,75,66,68
Mohammed Al-Yami,Saudi Arabia,CDM,56,70,33,45,51,56,68
Saud Abdulhamid,Saudi Arabia,RB,78,92,46,67,72,71,77
Sami Al-Najei,Saudi Arabia,CAM,66,68,63,64,69,57,65
Ali Al-Bulayhi,Saudi Arabia,CB,74,51,38,43,46,73,85
Abdulelah Al-Amri,Saudi Arabia,CB,69,69,29,49,47,67,81
Abdullah Al-Khaibari,Saudi Arabia,CDM,71,67,43,64,67,68,72
Yasser Al-Shahrani,Saudi Arabia,LB,69,75,54,65,70,65,61
Hassan Kadesh,Saudi Arabia,CB,68,75,49,62,62,66,79
Salem Al-Dawsari,Saudi Arabia,LM,80,85,75,72,84,52,80
Mohamed Kanno,Saudi Arabia,CM,71,75,68,71,72,67,74
Abdulrahman Al-Aboud,Saudi Arabia,RM,65,88,57,55,67,45,57
Riyadh Sharahili,Saudi Arabia,CB,74,75,33,61,64,74,77
Abdullah Radif,Saudi Arabia,ST,61,82,56,38,53,22,66
Saleh Al-Shehri,Saudi Arabia,ST,68,66,65,51,63,28,71
Ayman Yahya,Saudi Arabia,RM,66,84,60,58,66,32,65
Ahmed Al-Ghamdi,Saudi Arabia,LM,64,83,59,55,69,41,58
Mohammed Al-Fatil,Saudi Arabia,CB,66,58,30,49,49,66,68
Nasser Al-Dawsari,Saudi Arabia,LB,66,68,60,69,68,59,59
Luis Lopez,Honduras,GK,63,66,62,58,63,30,58
Diego Rodriguez,Honduras,CDM,70,64,56,66,67,67,70
Andy Najar,Honduras,RM,61,81,54,54,63,27,59
Denil Maldonado,Honduras,CB,67,62,31,43,43,67,74
Marcelo Pereira,Honduras,ST,62,51,63,54,63,25,64
Jose Garcia,Honduras,CB,67,68,35,51,54,67,66
Rigoberto Rivas,Honduras,LM,68,79,62,63,69,34,56
Luis Palma,Honduras,LW,74,77,74,75,75,32,63
Rony Martinez,Honduras,CDM,67,61,56,57,61,66,75
Andre Blake,Jamaica,GK,75,74,70,71,77,45,78
Nick Hamilton,Jamaica,GK,60,61,58,60,60,46,58
Ethan Pinnock,Jamaica,CB,79,67,36,56,61,81,83
Damion Lowe,Jamaica,CB,68,67,26,41,50,66,81
Brandon Servania,Jamaica,CDM,64,68,50,60,65,61,65
Javain Brown,Jamaica,ST,64,79,62,60,64,45,68
Amarii Bell,Jamaica,CB,71,75,50,60,67,71,73
Demarai Gray,Jamaica,LW,76,85,73,69,80,38,58
Kasey Palmer,Jamaica,CAM,70,64,64,70,73,54,71
Tyreiq Bakinson,Jamaica,CM,63,59,56,58,63,62,73
Leon Bailey,Jamaica,RM,82,90,78,77,86,38,62
Michail Antonio,Jamaica,ST,78,77,74,72,76,54,82
Shamar Nicholson,Jamaica,RM,65,83,57,57,65,44,61
Cory Burke,Jamaica,ST,66,77,63,39,61,39,75
Andre Onana,Cameroon,GK,83,83,75,87,86,61,79
Jean-Charles Castelletto,Cameroon,CB,75,68,32,51,63,76,76
Harold Moukoudi,Cameroon,CB,76,49,35,52,54,76,86
Olivier Mbaizo,Cameroon,RB,68,80,36,58,69,63,65
Martin Hongla,Cameroon,CM,72,74,67,69,74,70,75
Samuel Gouet,Cameroon,CDM,64,52,53,61,63,61,73
Georges-Kevin Nkoudou,Cameroon,LM,77,93,76,70,79,34,61
Olivier Ntcham,Cameroon,CM,71,67,69,73,75,63,73
Bryan Mbeumo,Cameroon,RW,80,84,80,74,80,49,76
Karl Toko Ekambi,Cameroon,LW,74,83,74,69,75,24,70
Vincent Aboubakar,Cameroon,ST,77,70,79,71,77,36,78
Frank Magri,Cameroon,ST,72,77,72,59,73,21,63
Jean-Pierre Nsame,Cameroon,ST,71,66,71,53,71,27,80
Alexandre Oukidja,Algeria,GK,73,72,70,70,73,47,74
Aissa Mandi,Algeria,CB,76,59,46,71,67,77,72
Ramy Bensebaini,Algeria,LB,78,75,70,70,75,78,77
Mehdi Tahrat,Algeria,CB,66,44,26,54,52,66,72
Mohamed Fares,Algeria,RM,67,83,52,61,68,60,56
Hicham Boudaoui,Algeria,CM,76,75,65,73,77,74,74
Ismail Bennacer,Algeria,CDM,83,77,73,82,85,78,75
Riyad Mahrez,Algeria,RM,85,79,81,81,88,39,62
Houssem Aouar,Algeria,CM,75,64,68,75,79,64,63
Said Benrahma,Algeria,LW,78,73,75,75,82,40,57
Nabil Bentaleb,Algeria,CDM,78,52,72,77,79,71,75
Ramiz Zerrouki,Algeria,CDM,75,61,65,72,73,68,80
Adem Zorgane,Algeria,CM,76,55,71,77,74,69,83
Amine Harit,Algeria,CM,76,77,65,74,81,60,57
Montassar Talbi,Tunisia,CB,73,60,30,42,57,73,76
Dylan Bronn,Tunisia,CB,70,60,61,64,61,70,75
Mohamed Drager,Tunisia,RB,68,76,64,63,70,63,62
Montasser Rekik,Tunisia,CB,64,68,38,55,59,62,69
Ellyes Skhiri,Tunisia,CDM,81,60,73,74,75,80,76
Hannibal Mejbri,Tunisia,CM,69,73,60,70,70,64,75
Anis Ben Slimane,Tunisia,CM,67,65,59,62,68,58,75
Mohamed Ali Ben Romdhane,Tunisia,CAM,72,70,71,71,70,63,70
Mohamed Ben Amor,Tunisia,CB,69,47,36,47,50,69,72
Elias Achouri,Tunisia,LW,73,86,66,66,75,30,56
Wahbi Khazri,Tunisia,ST,72,63,75,73,75,43,70
Wang Dalei,China,GK,72,73,69,66,74,60,70
Yan Junling,China,GK,71,71,70,67,71,49,70
Liu Yang,China,LB,66,81,53,57,64,61,71
Zhang Linpeng,China,CB,64,60,54,57,56,60,79
Zhu Chenjie,China,CB,69,78,41,47,59,68,77
Jiang Guangtai,China,CB,71,81,36,48,63,70,80
Wang Shenchao,China,RB,65,70,32,54,58,61,71
Liu Yiming,China,CB,62,65,30,46,46,59,76
Li Lei,China,LB,66,77,44,61,63,61,74
Yin Hongbo,China,RM,60,61,53,60,60,52,60
Wu Xi,China,CM,69,66,64,69,65,68,78
Hao Junmin,China,CAM,57,64,48,55,60,31,57
Wei Shihao,China,LM,68,87,62,61,71,35,64
Xie Pengfei,China,RM,68,80,62,64,67,49,68
Tan Long,China,LM,67,71,68,61,65,36,75
Wang Ziming,China,ST,63,81,61,50,61,32,71
Liu Binbin,China,RM,67,82,63,61,68,44,61
He Chao,China,CDM,65,74,55,62,62,62,76
Xu Xin,China,CDM,64,69,53,58,63,60,73
Liu Junshuai,China,CB,64,61,37,49,50,63,75
Chen Pulin,China,LM,68,86,57,61,68,37,63
Dai Weijun,China,CM,61,72,59,62,66,46,60
Yang Liyu,China,RW,66,83,64,61,63,43,73
Stefan Marinovic,New Zealand,ST,57,63,57,40,55,18,58
Oliver Sail,New Zealand,GK,68,75,69,50,69,49,61
Max Crocombe,New Zealand,GK,65,65,65,62,65,47,63
Tommy Smith,New Zealand,CB,62,39,37,48,47,60,67
Liberato Cacace,New Zealand,LB,72,71,60,66,69,68,76
Bill Tuiloma,New Zealand,CB,65,62,54,63,59,63,74
Dane Ingham,New Zealand,RB,62,86,47,54,60,52,79
Joe Bell,New Zealand,CM,67,63,61,66,66,63,78
Marko Stamenic,New Zealand,CDM,72,67,60,68,72,66,75
Clayton Lewis,New Zealand,CDM,68,70,58,69,68,61,76
Marco Rojas,New Zealand,LM,67,75,65,64,71,45,38
Chris Wood,New Zealand,ST,76,49,78,61,68,40,79
Matthew Garbett,New Zealand,CAM,64,73,60,61,66,51,66
Callum McCowatt,New Zealand,CAM,66,76,66,64,66,52,67
Regan Donelon,New Zealand,LB,57,68,35,54,54,52,56
Ben Old,New Zealand,LM,67,82,59,62,68,43,69
Ryan Thomas,New Zealand,CM,66,69,59,68,69,57,61
Tyler Boyd,New Zealand,LM,69,85,68,63,72,48,64
Tim Payne,New Zealand,RB,67,68,56,61,59,62,81
Lawrence Ati-Zigi,Ghana,GK,73,74,69,65,75,40,72
Alexander Djiku,Ghana,CB,79,75,43,67,69,79,81
Tariq Lamptey,Ghana,RB,75,85,44,66,77,70,50
Baba Rahman,Ghana,LB,74,75,60,68,69,70,74
Gideon Mensah,Ghana,LB,70,76,56,63,70,64,67
Alidu Seidu,Ghana,CB,74,58,43,61,70,75,67
Jonathan Mensah,Ghana,CB,67,60,44,55,53,64,79
Thomas Partey,Ghana,CDM,82,62,71,80,77,79,82
Abdul Salis Samed,Ghana,CDM,76,60,49,66,69,74,79
Mohammed Kudus,Ghana,RM,82,90,77,73,86,60,75
Kamaldeen Sulemana,Ghana,LW,71,93,65,63,75,28,60
Inaki Williams,Ghana,RM,82,94,81,72,80,45,84
Antoine Semenyo,Ghana,RM,76,85,72,67,77,27,75
Jordan Ayew,Ghana,RW,75,71,73,71,78,57,74
Andre Ayew,Ghana,RW,75,71,73,71,78,57,74
Ernest Nuamah,Ghana,RW,74,85,67,63,79,24,62
Daniel Kofi Kyereh,Ghana,CAM,73,74,70,66,78,31,56
Elisha Owusu,Ghana,CDM,71,60,53,64,68,67,69
Osman Bukari,Ghana,RW,72,85,67,61,75,37,65
Joseph Paintsil,Ghana,RM,75,90,70,68,78,33,73
Ransford Yeboah Konigsdorffer,Ghana,RW,68,81,63,60,71,41,60
Jindřich Staněk,Czechia,GK,76,78,25,70,45,25,75
Matěj Kovář,Czechia,GK,74,76,24,68,44,24,73
Vítězslav Jaroš,Czechia,GK,71,74,22,64,42,22,71
Vladimír Coufal,Czechia,RB,76,80,55,74,72,76,76
Ladislav Krejčí,Czechia,CB,78,74,55,72,70,79,80
Tomáš Holeš,Czechia,CB,75,72,52,72,68,76,76
Robin Hranáč,Czechia,CB,73,70,45,68,62,74,76
David Zima,Czechia,CB,73,72,46,66,63,74,75
David Doudera,Czechia,RB,71,78,50,68,68,70,70
Jan Bořil,Czechia,LB,72,76,48,70,68,72,72
David Jurásek,Czechia,LB,74,84,52,72,74,72,72
Tomáš Souček,Czechia,CDM,80,64,72,76,66,80,85
Lukáš Provod,Czechia,CM,75,78,72,76,76,68,72
Antonín Barák,Czechia,CAM,77,74,76,77,76,64,78
Pavel Šulc,Czechia,CAM,74,76,74,74,76,58,68
Michal Sadílek,Czechia,CM,72,72,62,74,70,70,70
Lukáš Červ,Czechia,CM,71,72,60,73,70,68,70
Petr Ševčík,Czechia,CM,72,70,68,74,72,64,68
Ondřej Lingr,Czechia,CAM,72,76,72,72,74,58,66
Patrik Schick,Czechia,ST,80,76,84,72,78,40,82
Adam Hložek,Czechia,LW,76,84,76,72,78,45,74
Václav Černý,Czechia,RW,74,86,74,72,78,40,68
Tomáš Chorý,Czechia,ST,73,64,74,64,64,42,86
Mojmír Chytil,Czechia,ST,71,74,72,62,68,40,76
Jan Kuchta,Czechia,ST,72,80,73,64,70,45,78
Gatito Fernández,Paraguay,GK,74,72,25,68,42,24,74
Orlando Gil,Paraguay,GK,69,70,22,62,40,22,70
Gastón Olveira,Paraguay,GK,69,70,22,62,40,22,70
Gustavo Gómez,Paraguay,CB,79,68,55,70,62,82,84
Omar Alderete,Paraguay,CB,76,74,50,68,64,79,80
Júnior Alonso,Paraguay,CB,74,72,45,66,60,77,78
Fabián Balbuena,Paraguay,CB,73,64,45,64,58,77,80
Gustavo Velázquez,Paraguay,CB,71,66,42,62,56,74,77
José Canale,Paraguay,CB,71,70,44,64,60,74,76
Juan Cáceres,Paraguay,RB,72,78,48,68,68,71,72
Alexandro Maidana,Paraguay,LB,68,80,40,62,66,66,68
Andrés Cubas,Paraguay,CDM,75,70,55,72,68,76,78
Diego Gómez,Paraguay,CM,75,78,68,74,76,68,74
Damián Bobadilla,Paraguay,CM,73,72,62,72,70,70,76
Matías Galarza,Paraguay,CM,72,74,60,72,72,66,70
Braian Ojeda,Paraguay,CDM,71,70,52,70,66,72,72
Mauricio,Paraguay,CM,70,72,58,70,70,64,70
Alejandro Romero Gamarra,Paraguay,CAM,73,74,70,74,76,58,68
Julio Enciso,Paraguay,CAM,76,80,74,74,82,52,68
Miguel Almirón,Paraguay,RW,77,88,72,74,80,56,68
Ramón Sosa,Paraguay,LW,74,87,70,70,80,45,68
Antonio Sanabria,Paraguay,ST,75,76,76,70,74,42,76
Alex Arce,Paraguay,ST,73,74,74,66,70,40,78
Gabriel Ávalos,Paraguay,ST,70,72,71,62,66,40,80
Gustavo Caballero,Paraguay,ST,70,76,70,64,70,42,74
Isidro Pitta,Paraguay,ST,71,78,71,64,70,42,80
Ørjan Nyland,Norway,GK,75,75,25,66,45,25,74
Sander Tangvik,Norway,GK,70,75,25,66,45,25,74
Egil Selvik,Norway,GK,69,75,25,66,45,25,74
Kristoffer Ajer,Norway,CB,78,67,45,63,58,76,80
Leo Østigård,Norway,CB,77,67,45,63,58,76,80
Julian Ryerson,Norway,RB,78,80,50,68,68,72,72
Marcus Holmgren Pedersen,Norway,RB,73,80,50,68,68,72,72
David Møller Wolfe,Norway,LB,73,80,48,68,68,72,72
Fredrik André Bjørkan,Norway,LB,72,80,48,68,68,72,72
Torbjørn Heggem,Norway,CB,72,67,45,63,58,76,80
Sondre Langås,Norway,CB,70,67,45,63,58,76,80
Martin Ødegaard,Norway,CAM,88,75,72,77,78,55,66
Sander Berge,Norway,CDM,79,68,58,74,68,75,78
Fredrik Aursnes,Norway,CM,78,72,62,74,72,66,72
Kristian Thorstvedt,Norway,CM,75,72,62,74,72,66,72
Morten Thorsby,Norway,CM,74,72,62,74,72,66,72
Patrick Berg,Norway,CM,74,72,62,74,72,66,72
Thelo Aasgaard,Norway,CAM,74,75,72,77,78,55,66
Antonio Nusa,Norway,LW,79,86,72,72,81,44,66
Oscar Bobb,Norway,RW,77,86,72,72,81,44,66
Andreas Schjelderup,Norway,LW,75,86,72,72,81,44,66
Jens Petter Hauge,Norway,LW,74,86,72,72,81,44,66
Erling Haaland,Norway,ST,91,78,79,66,72,40,80
Alexander Sørloth,Norway,ST,82,78,79,66,72,40,80
Jørgen Strand Larsen,Norway,ST,77,78,79,66,72,40,80
Robin Olsen,Sweden,GK,78,75,25,66,45,25,74
Viktor Johansson,Sweden,GK,75,75,25,66,45,25,74
Kristoffer Nordfeldt,Sweden,GK,72,75,25,66,45,25,74
Victor Lindelöf,Sweden,CB,80,67,45,63,58,76,80
Isak Hien,Sweden,CB,79,67,45,63,58,76,80
Hjalmar Ekdal,Sweden,CB,74,67,45,63,58,76,80
Carl Starfelt,Sweden,CB,74,67,45,63,58,76,80
Gabriel Gudmundsson,Sweden,LB,76,80,48,68,68,72,72
Ludwig Augustinsson,Sweden,LB,74,80,48,68,68,72,72
Emil Krafth,Sweden,RB,74,80,50,68,68,72,72
Daniel Svensson,Sweden,RB,73,80,50,68,68,72,72
Mattias Svanberg,Sweden,CM,78,72,62,74,72,66,72
Jens Cajuste,Sweden,CDM,77,68,58,74,68,75,78
Kristoffer Olsson,Sweden,CM,76,72,62,74,72,66,72
Albin Ekdal,Sweden,CM,75,72,62,74,72,66,72
Yasin Ayari,Sweden,CM,74,72,62,74,72,66,72
Emil Forsberg,Sweden,CAM,80,75,72,77,78,55,66
Dejan Kulusevski,Sweden,RW,83,86,72,72,81,44,66
Anthony Elanga,Sweden,RW,79,86,72,72,81,44,66
Jesper Karlsson,Sweden,LW,76,86,72,72,81,44,66
Alexander Isak,Sweden,ST,86,78,79,66,72,40,80
Viktor Gyökeres,Sweden,ST,85,78,79,66,72,40,80
Nikola Vasilj,Bosnia and Herzegovina,GK,75,75,25,66,45,25,74
Mladen Jurkas,Bosnia and Herzegovina,GK,70,75,25,66,45,25,74
Martin Zlomislić,Bosnia and Herzegovina,GK,69,75,25,66,45,25,74
Amar Dedić,Bosnia and Herzegovina,RB,78,80,50,68,68,72,72
Sead Kolašinac,Bosnia and Herzegovina,LB,78,80,48,68,68,72,72
Nikola Katić,Bosnia and Herzegovina,CB,75,67,45,63,58,76,80
Dennis Hadžikadunić,Bosnia and Herzegovina,CB,74,67,45,63,58,76,80
Nihad Mujakić,Bosnia and Herzegovina,CB,73,67,45,63,58,76,80
Tarik Muharemović,Bosnia and Herzegovina,CB,73,67,45,63,58,76,80
Stjepan Radeljić,Bosnia and Herzegovina,CB,71,67,45,63,58,76,80
Arjan Malić,Bosnia and Herzegovina,CB,70,67,45,63,58,76,80
Benjamin Tahirović,Bosnia and Herzegovina,CM,76,72,62,74,72,66,72
Amir Hadžiahmetović,Bosnia and Herzegovina,CDM,75,68,58,74,68,75,78
Armin Gigović,Bosnia and Herzegovina,CM,73,72,62,74,72,66,72
Ivan Šunjić,Bosnia and Herzegovina,CDM,73,68,58,74,68,75,78
Ivan Bašić,Bosnia and Herzegovina,CM,71,72,62,74,72,66,72
Amar Memić,Bosnia and Herzegovina,CM,71,72,62,74,72,66,72
Dženis Burnić,Bosnia and Herzegovina,CM,71,72,62,74,72,66,72
Ermin Mahmić,Bosnia and Herzegovina,CM,70,72,62,74,72,66,72
Esmir Bajraktarević,Bosnia and Herzegovina,RW,73,86,72,72,81,44,66
Edin Džeko,Bosnia and Herzegovina,ST,80,78,79,66,72,40,80
Ermedin Demirović,Bosnia and Herzegovina,ST,79,78,79,66,72,40,80
Haris Tabaković,Bosnia and Herzegovina,ST,75,78,79,66,72,40,80
Samed Baždar,Bosnia and Herzegovina,ST,72,78,79,66,72,40,80
Kerim Alajbegović,Bosnia and Herzegovina,FW,71,80,74,68,74,42,76
Jovo Lukić,Bosnia and Herzegovina,FW,70,80,74,68,74,42,76
Lionel Mpasi,DR Congo,GK,73,75,25,66,45,25,74
Timothy Fayulu,DR Congo,GK,71,75,25,66,45,25,74
Matthieu Epolo,DR Congo,GK,70,75,25,66,45,25,74
Aaron Wan-Bissaka,DR Congo,RB,80,80,50,68,68,72,72
Chancel Mbemba,DR Congo,CB,79,67,45,63,58,76,80
Arthur Masuaku,DR Congo,LB,76,80,48,68,68,72,72
Gédéon Kalulu,DR Congo,RB,75,80,50,68,68,72,72
Axel Tuanzebe,DR Congo,CB,73,67,45,63,58,76,80
Dylan Batubinsika,DR Congo,CB,73,67,45,63,58,76,80
Steve Kapuadi,DR Congo,CB,72,67,45,63,58,76,80
Joris Kayembe,DR Congo,LB,72,80,48,68,68,72,72
Noah Sadiki,DR Congo,CDM,75,68,58,74,68,75,78
Samuel Moutoussamy,DR Congo,CM,74,72,62,74,72,66,72
Ngal'ayel Mukau,DR Congo,CM,74,72,62,74,72,66,72
Aaron Tshibola,DR Congo,CM,72,72,62,74,72,66,72
Brian Cipenga,DR Congo,CM,70,72,62,74,72,66,72
Gaël Kakuta,DR Congo,CAM,74,75,72,77,78,55,66
Théo Bongonda,DR Congo,LW,76,86,72,72,81,44,66
Meschak Elia,DR Congo,RW,73,86,72,72,81,44,66
Nathanaël Mbuku,DR Congo,LW,73,86,72,72,81,44,66
Yoane Wissa,DR Congo,ST,79,78,79,66,72,40,80
Cédric Bakambu,DR Congo,ST,76,78,79,66,72,40,80
Fiston Mayele,DR Congo,ST,75,78,79,66,72,40,80
Glody Dube,DR Congo,FW,70,80,74,68,74,42,76
Vozinha,Cape Verde,GK,73,75,25,66,45,25,74
Márcio Rosa,Cape Verde,GK,70,75,25,66,45,25,74
CJ dos Santos,Cape Verde,GK,70,75,25,66,45,25,74
Logan Costa,Cape Verde,CB,76,67,45,63,58,76,80
Steven Moreira,Cape Verde,RB,73,80,50,68,68,72,72
Stopira,Cape Verde,LB,72,80,48,68,68,72,72
Diney,Cape Verde,CB,71,67,45,63,58,76,80
Pico,Cape Verde,CB,70,67,45,63,58,76,80
Sidny Lopes Cabral,Cape Verde,CB,70,67,45,63,58,76,80
Wagner Pina,Cape Verde,RB,71,80,50,68,68,72,72
Kelvin Pires,Cape Verde,LB,69,80,48,68,68,72,72
Jamiro Monteiro,Cape Verde,CM,75,72,62,74,72,66,72
Deroy Duarte,Cape Verde,CM,73,72,62,74,72,66,72
Laros Duarte,Cape Verde,CM,72,72,62,74,72,66,72
Kevin Pina,Cape Verde,CM,71,72,62,74,72,66,72
João Paulo,Cape Verde,CDM,71,68,58,74,68,75,78
Yannick Semedo,Cape Verde,CM,70,72,62,74,72,66,72
Telmo Arcanjo,Cape Verde,CAM,71,75,72,77,78,55,66
Hélio Varela,Cape Verde,CAM,70,75,72,77,78,55,66
Garry Rodrigues,Cape Verde,RW,74,86,72,72,81,44,66
Jovane Cabral,Cape Verde,LW,74,86,72,72,81,44,66
Ryan Mendes,Cape Verde,RW,74,86,72,72,81,44,66
Benchimol,Cape Verde,ST,72,78,79,66,72,40,80
Willy Semedo,Cape Verde,ST,71,78,79,66,72,40,80
Dailon Livramento,Cape Verde,ST,71,78,79,66,72,40,80
Nuno da Costa,Cape Verde,ST,71,78,79,66,72,40,80
Eloy Room,Curacao,GK,73,75,25,66,45,25,74
Tyrick Bodak,Curacao,GK,69,75,25,66,45,25,74
Trevor Doornbusch,Curacao,GK,69,75,25,66,45,25,74
Riechedly Bazoer,Curacao,CB,76,67,45,63,58,76,80
Joshua Brenet,Curacao,RB,73,80,50,68,68,72,72
Armando Obispo,Curacao,CB,72,67,45,63,58,76,80
Shurandy Sambo,Curacao,RB,71,80,50,68,68,72,72
Sherel Floranus,Curacao,RB,70,80,50,68,68,72,72
Juriën Gaari,Curacao,CB,70,67,45,63,58,76,80
Roshon van Eijma,Curacao,LB,69,80,48,68,68,72,72
Deveron Fonville,Curacao,LB,68,80,48,68,68,72,72
Juninho Bacuna,Curacao,CM,73,72,62,74,72,66,72
Leandro Bacuna,Curacao,CM,73,72,62,74,72,66,72
Livano Comenencia,Curacao,CM,71,72,62,74,72,66,72
Godfried Roemeratoe,Curacao,CDM,70,68,58,74,68,75,78
Kevin Felida,Curacao,CM,69,72,62,74,72,66,72
Ar'jany Martha,Curacao,RW,70,86,72,72,81,44,66
Tahith Chong,Curacao,RW,75,86,72,72,81,44,66
Sontje Hansen,Curacao,LW,73,86,72,72,81,44,66
Jürgen Locadia,Curacao,ST,73,78,79,66,72,40,80
Brandley Kuwas,Curacao,RW,72,86,72,72,81,44,66
Kenji Gorré,Curacao,CAM,71,75,72,77,78,55,66
Gervane Kastaneer,Curacao,ST,70,78,79,66,72,40,80
Jeremy Antonisse,Curacao,FW,69,80,74,68,74,42,76
Jearl Margaritha,Curacao,FW,69,80,74,68,74,42,76
Yazeed Abulaila,Jordan,GK,71,75,25,66,45,25,74
Nour Bani Attiah,Jordan,GK,68,75,25,66,45,25,74
Abdallah Al-Fakhouri,Jordan,GK,68,75,25,66,45,25,74
Yazan Al-Arab,Jordan,CB,72,67,45,63,58,76,80
Mohammad Abualnadi,Jordan,CB,71,67,45,63,58,76,80
Salim Obaid,Jordan,CB,70,67,45,63,58,76,80
Abdallah Nasib,Jordan,RB,70,80,50,68,68,72,72
Saed Al-Rosan,Jordan,LB,69,80,48,68,68,72,72
Ihsan Haddad,Jordan,CB,69,67,45,63,58,76,80
Mohammad Taha,Jordan,RB,69,80,50,68,68,72,72
Anas Badawi,Jordan,LB,68,80,48,68,68,72,72
Husam Abu Dahab,Jordan,CB,68,67,45,63,58,76,80
Nizar Al-Rashdan,Jordan,CM,72,72,62,74,72,66,72
Noor Al-Rawabdeh,Jordan,CM,71,72,62,74,72,66,72
Mohammad Abu Hashish,Jordan,CM,70,72,62,74,72,66,72
Rajaei Ayed,Jordan,CDM,70,68,58,74,68,75,78
Amer Jamous,Jordan,CM,70,72,62,74,72,66,72
Ibrahim Sa'deh,Jordan,CM,69,72,62,74,72,66,72
Mohannad Abu Taha,Jordan,CM,69,72,62,74,72,66,72
Mohammad Al-Dawoud,Jordan,CM,69,72,62,74,72,66,72
Musa Al-Taamari,Jordan,RW,76,86,72,72,81,44,66
Ali Olwan,Jordan,ST,72,78,79,66,72,40,80
Mohammad Abu Zrayq,Jordan,ST,70,78,79,66,72,40,80
Johny Placide,Haiti,GK,72,75,25,66,45,25,74
Alexandre Pierre,Haiti,GK,69,75,25,66,45,25,74
Josué Duverger,Haiti,GK,68,75,25,66,45,25,74
Hannes Delcroix,Haiti,CB,73,67,45,63,58,76,80
Ricardo Adé,Haiti,CB,72,67,45,63,58,76,80
Jean-Kévin Duverne,Haiti,CB,71,67,45,63,58,76,80
Carlens Arcus,Haiti,RB,71,80,50,68,68,72,72
Keeto Thermoncy,Haiti,CB,69,67,45,63,58,76,80
Martin Expérience,Haiti,LB,68,80,48,68,68,72,72
Markhus Lacroix,Haiti,RB,68,80,50,68,68,72,72
Wilguens Paugain,Haiti,LB,68,80,48,68,68,72,72
Jean-Ricner Bellegarde,Haiti,CM,77,72,62,74,72,66,72
Danley Jean Jacques,Haiti,CDM,74,68,58,74,68,75,78
Carl Sainté,Haiti,CM,72,72,62,74,72,66,72
Leverton Pierre,Haiti,CM,70,72,62,74,72,66,72
Yassin Fortuné,Haiti,CM,70,72,62,74,72,66,72
Dominique Simon,Haiti,CM,69,72,62,74,72,66,72
Woodensky Pierre,Haiti,CM,69,72,62,74,72,66,72
Wilson Isidor,Haiti,ST,74,78,79,66,72,40,80
Duckens Nazon,Haiti,ST,73,78,79,66,72,40,80
Frantzdy Pierrot,Haiti,ST,73,78,79,66,72,40,80
Derrick Etienne Jr.,Haiti,RW,73,86,72,72,81,44,66
Ruben Providence,Haiti,RW,72,86,72,72,81,44,66
Louicius Deedson,Haiti,LW,71,86,72,72,81,44,66
Lenny Joseph,Haiti,ST,70,78,79,66,72,40,80
Josué Casimir,Haiti,FW,70,80,74,68,74,42,76
Utkir Yusupov,Uzbekistan,GK,72,75,25,66,45,25,74
Abduvohid Nematov,Uzbekistan,GK,69,75,25,66,45,25,74
Botirali Ergashev,Uzbekistan,GK,68,75,25,66,45,25,74
Abdukodir Khusanov,Uzbekistan,CB,78,67,45,63,58,76,80
Rustam Ashurmatov,Uzbekistan,CB,73,67,45,63,58,76,80
Farrukh Sayfiev,Uzbekistan,RB,72,80,50,68,68,72,72
Khojiakbar Alijonov,Uzbekistan,LB,71,80,48,68,68,72,72
Sherzod Nasrullaev,Uzbekistan,CB,70,67,45,63,58,76,80
Umar Eshmurodov,Uzbekistan,CB,70,67,45,63,58,76,80
Abdulla Abdullaev,Uzbekistan,RB,69,80,50,68,68,72,72
Bekhruz Karimov,Uzbekistan,LB,69,80,48,68,68,72,72
Jakhongir Urozov,Uzbekistan,CB,68,67,45,63,58,76,80
Avazbek Ulmasaliev,Uzbekistan,LB,68,80,48,68,68,72,72
Abbosbek Fayzullaev,Uzbekistan,CAM,76,75,72,77,78,55,66
Jaloliddin Masharipov,Uzbekistan,CAM,74,75,72,77,78,55,66
Otabek Shukurov,Uzbekistan,CDM,73,68,58,74,68,75,78
Odiljon Hamrobekov,Uzbekistan,CM,72,72,62,74,72,66,72
Oston Urunov,Uzbekistan,CM,71,72,62,74,72,66,72
Jamshid Iskanderov,Uzbekistan,CM,71,72,62,74,72,66,72
Dostonbek Khamdamov,Uzbekistan,LW,73,86,72,72,81,44,66
Akmal Mozgovoy,Uzbekistan,CM,70,72,62,74,72,66,72
Azizjon Ganiev,Uzbekistan,CM,69,72,62,74,72,66,72
Sherzod Esanov,Uzbekistan,CM,69,72,62,74,72,66,72
Eldor Shomurodov,Uzbekistan,ST,76,78,79,66,72,40,80
Igor Sergeev,Uzbekistan,ST,72,78,79,66,72,40,80
Azizbek Amonov,Uzbekistan,ST,70,78,79,66,72,40,80
Meshaal Barsham,Qatar,GK,73,75,25,66,45,25,74
Saad Al Sheeb,Qatar,GK,71,75,25,66,45,25,74
Yousef Hassan,Qatar,GK,69,75,25,66,45,25,74
Pedro Miguel,Qatar,RB,72,80,50,68,68,72,72
Boualem Khoukhi,Qatar,CB,73,67,45,63,58,76,80
Bassam Al-Rawi,Qatar,CB,73,67,45,63,58,76,80
Tarek Salman,Qatar,CB,71,67,45,63,58,76,80
Jassem Gaber,Qatar,RB,70,80,50,68,68,72,72
Homam Ahmed,Qatar,LB,70,80,48,68,68,72,72
Sultan Al-Brake,Qatar,LB,69,80,48,68,68,72,72
Mohammed Waad,Qatar,CB,70,67,45,63,58,76,80
Karim Boudiaf,Qatar,CDM,72,68,58,74,68,75,78
Assim Madibo,Qatar,CDM,72,68,58,74,68,75,78
Abdulaziz Hatem,Qatar,CM,71,72,62,74,72,66,72
Ahmed Fatehi,Qatar,CM,70,72,62,74,72,66,72
Hassan Al-Haydos,Qatar,CAM,74,75,72,77,78,55,66
Edmilson Junior,Qatar,CAM,73,75,72,77,78,55,66
Akram Afif,Qatar,RW,78,86,72,72,81,44,66
Almoez Ali,Qatar,ST,75,78,79,66,72,40,80
Yusuf Abdurisag,Qatar,LW,71,86,72,72,81,44,66
Ahmed Alaa,Qatar,RW,70,86,72,72,81,44,66
Mohammed Muntari,Qatar,ST,69,78,79,66,72,40,80
Tahsin Mohammed,Qatar,ST,69,78,79,66,72,40,80
Ahmed Al-Ganehi,Qatar,ST,69,78,79,66,72,40,80
Mohamed El-Shenawy,Egypt,GK,75,75,25,66,45,25,74
Mostafa Shobeir,Egypt,GK,70,75,25,66,45,25,74
El-Mahdi Soliman,Egypt,GK,69,75,25,66,45,25,74
Mohamed Abdelmonem,Egypt,CB,76,67,45,63,58,76,80
Yasser Ibrahim,Egypt,CB,73,67,45,63,58,76,80
Rami Rabia,Egypt,CB,72,67,45,63,58,76,80
Hossam Abdelmaguid,Egypt,CB,71,67,45,63,58,76,80
Mohamed Hani,Egypt,RB,73,80,50,68,68,72,72
Ahmed Fotouh,Egypt,LB,72,80,48,68,68,72,72
Karim Hafez,Egypt,LB,70,80,48,68,68,72,72
Tarek Alaa,Egypt,CB,69,67,45,63,58,76,80
Hamdy Fathy,Egypt,CDM,72,68,58,74,68,75,78
Marwan Attia,Egypt,CDM,72,68,58,74,68,75,78
Emam Ashour,Egypt,CAM,76,75,72,77,78,55,66
Mohannad Lasheen,Egypt,CM,70,72,62,74,72,66,72
Mahmoud Saber,Egypt,CM,70,72,62,74,72,66,72
Nabil Emad,Egypt,CDM,71,68,58,74,68,75,78
Mohamed Salah,Egypt,RW,89,86,72,72,81,44,66
Omar Marmoush,Egypt,ST,82,78,79,66,72,40,80
Mahmoud Trezeguet,Egypt,LW,77,86,72,72,81,44,66
Ahmed Zizo,Egypt,RW,76,86,72,72,81,44,66
Mostafa Mohamed,Egypt,ST,75,78,79,66,72,40,80
Ibrahim Adel,Egypt,RW,73,86,72,72,81,44,66
Hamza Abdelkarim,Egypt,ST,69,78,79,66,72,40,80
Alireza Beiranvand,Iran,GK,74,75,25,66,45,25,74
Hossein Hosseini,Iran,GK,71,75,25,66,45,25,74
Payam Niazmand,Iran,GK,71,75,25,66,45,25,74
Shojae Khalilzadeh,Iran,CB,73,67,45,63,58,76,80
Hossein Kanani,Iran,CB,72,67,45,63,58,76,80
Majid Hosseini,Iran,CB,71,67,45,63,58,76,80
Aref Gholami,Iran,CB,70,67,45,63,58,76,80
Ehsan Hajsafi,Iran,LB,73,80,48,68,68,72,72
Milad Mohammadi,Iran,LB,71,80,48,68,68,72,72
Ramin Rezaeian,Iran,RB,72,80,50,68,68,72,72
Danial Esmaeilifar,Iran,RB,71,80,50,68,68,72,72
Saleh Hardani,Iran,RB,70,80,50,68,68,72,72
Saman Ghoddos,Iran,CAM,75,75,72,77,78,55,66
Saeid Ezatolahi,Iran,CDM,73,68,58,74,68,75,78
Roozbeh Cheshmi,Iran,CDM,72,68,58,74,68,75,78
Mohammad Ghorbani,Iran,CM,70,72,62,74,72,66,72
Arya Yousefi,Iran,CM,69,72,62,74,72,66,72
Mehdi Ghaedi,Iran,RW,74,86,72,72,81,44,66
Mehdi Torabi,Iran,LW,72,86,72,72,81,44,66
Mohammad Mohebbi,Iran,LW,73,86,72,72,81,44,66
Mehdi Taremi,Iran,ST,80,78,79,66,72,40,80
Alireza Jahanbakhsh,Iran,RW,78,86,72,72,81,44,66
Amirhossein Hosseinzadeh,Iran,ST,73,78,79,66,72,40,80
Ali Alipour,Iran,ST,72,78,79,66,72,40,80
Fahad Talib,Iraq,GK,70,75,25,66,45,25,74
Jalal Hassan,Iraq,GK,70,75,25,66,45,25,74
Ahmed Basil,Iraq,GK,68,75,25,66,45,25,74
Hussein Ali,Iraq,RB,71,80,50,68,68,72,72
Merchas Doski,Iraq,CB,71,67,45,63,58,76,80
Rebin Sulaka,Iraq,CB,71,67,45,63,58,76,80
Frans Putros,Iraq,CB,70,67,45,63,58,76,80
Zaid Tahseen,Iraq,CB,70,67,45,63,58,76,80
Manaf Younis,Iraq,CB,69,67,45,63,58,76,80
Ahmed Yahya,Iraq,RB,69,80,50,68,68,72,72
Mustafa Saadoon,Iraq,CB,69,67,45,63,58,76,80
Akam Hashim,Iraq,CB,69,67,45,63,58,76,80
Zaid Ismail,Iraq,LB,68,80,48,68,68,72,72
Zidane Iqbal,Iraq,CM,73,72,62,74,72,66,72
Amir Al-Ammari,Iraq,CM,72,72,62,74,72,66,72
Kevin Yakob,Iraq,CM,71,72,62,74,72,66,72
Aimar Sher,Iraq,CM,71,72,62,74,72,66,72
Ibrahim Bayesh,Iraq,CAM,71,75,72,77,78,55,66
Ahmed Qasem,Iraq,RW,72,86,72,72,81,44,66
Youssef Amyn,Iraq,LW,71,86,72,72,81,44,66
Marko Farji,Iraq,LW,70,86,72,72,81,44,66
Ali Al-Hamadi,Iraq,ST,73,78,79,66,72,40,80
Aymen Hussein,Iraq,ST,72,78,79,66,72,40,80
Mohanad Ali,Iraq,ST,72,78,79,66,72,40,80
Ali Jassim,Iraq,LW,72,86,72,72,81,44,66
Ali Yousef,Iraq,RW,69,86,72,72,81,44,66
Ronwen Williams,South Africa,GK,74,75,25,66,45,25,74
Ricardo Goss,South Africa,GK,70,75,25,66,45,25,74
Sipho Chaine,South Africa,GK,70,75,25,66,45,25,74
Khuliso Mudau,South Africa,RB,73,80,50,68,68,72,72
Nyiko Mobbie,South Africa,RB,70,80,50,68,68,72,72
Aubrey Modiba,South Africa,LB,72,80,48,68,68,72,72
Mothobi Mvala,South Africa,CB,72,67,45,63,58,76,80
Grant Kekana,South Africa,CB,71,67,45,63,58,76,80
Siyanda Xulu,South Africa,CB,70,67,45,63,58,76,80
Nkosinathi Sibisi,South Africa,CB,70,67,45,63,58,76,80
Olwethu Makhanya,South Africa,CB,70,67,45,63,58,76,80
Bradley Cross,South Africa,LB,70,80,48,68,68,72,72
Teboho Mokoena,South Africa,CM,74,72,62,74,72,66,72
Sphephelo Sithole,South Africa,CDM,72,68,58,74,68,75,78
Bongani Zungu,South Africa,CM,71,72,62,74,72,66,72
Themba Zwane,South Africa,CAM,74,75,72,77,78,55,66
Patrick Maswanganyi,South Africa,CAM,72,75,72,77,78,55,66
Thalente Mbatha,South Africa,CM,70,72,62,74,72,66,72
Percy Tau,South Africa,RW,75,86,72,72,81,44,66
Lyle Foster,South Africa,ST,73,78,79,66,72,40,80
Iqraam Rayners,South Africa,ST,72,78,79,66,72,40,80
Evidence Makgopa,South Africa,ST,71,78,79,66,72,40,80
Oswin Appollis,South Africa,LW,71,86,72,72,81,44,66
Elias Mokwana,South Africa,RW,70,86,72,72,81,44,66
Mihlali Mayambela,South Africa,LW,70,86,72,72,81,44,66
Bongokuhle Hlongwane,South Africa,RW,71,86,72,72,81,44,66
